<?xml version="1.0" encoding="UTF-8" ?>
<!DOCTYPE mapper PUBLIC "-//mybatis.org//DTD Mapper 3.0//EN" "http://mybatis.org/dtd/mybatis-3-mapper.dtd" >
<mapper namespace="com.online.taxi.order.dao.OrderMapper" >
  <resultMap id="BaseResultMap" type="com.online.taxi.common.entity.Order" >
    <id column="orderId" property="orderid" jdbcType="INTEGER" />
    <result column="status" property="status" jdbcType="INTEGER" />
  </resultMap>
  <sql id="Base_Column_List" >
    orderId, status
  </sql>
  <select id="selectByPrimaryKey" resultMap="BaseResultMap" parameterType="java.lang.Integer" >
    select 
    <include refid="Base_Column_List" />
    from tbl_order
    where orderId = #{orderid,jdbcType=INTEGER}
  </select>
  <delete id="deleteByPrimaryKey" parameterType="java.lang.Integer" >
    delete from tbl_order
    where orderId = #{orderid,jdbcType=INTEGER}
  </delete>
  <insert id="insert" parameterType="com.online.taxi.common.entity.Order" >
    insert into tbl_order (orderId, status)
    values (#{orderid,jdbcType=INTEGER}, #{status,jdbcType=INTEGER})
  </insert>
  <insert id="insertSelective" parameterType="com.online.taxi.common.entity.Order" >
    insert into tbl_order
    <trim prefix="(" suffix=")" suffixOverrides="," >
      <if test="orderid != null" >
        orderId,
      </if>
      <if test="status != null" >
        status,
      </if>
    </trim>
    <trim prefix="values (" suffix=")" suffixOverrides="," >
      <if test="orderid != null" >
        #{orderid,jdbcType=INTEGER},
      </if>
      <if test="status != null" >
        #{status,jdbcType=INTEGER},
      </if>
    </trim>
  </insert>
  <update id="updateByPrimaryKeySelective" parameterType="com.online.taxi.common.entity.Order" >
    update tbl_order
    <set >
      <if test="status != null" >
        status = #{status,jdbcType=INTEGER},
      </if>
    </set>
    where orderId = #{orderid,jdbcType=INTEGER}
  </update>
  <update id="updateByPrimaryKey" parameterType="com.online.taxi.common.entity.Order" >
    update tbl_order
    set status = #{status,jdbcType=INTEGER}
    where orderId = #{orderid,jdbcType=INTEGER}
  </update>
</mapper>